date,1. open,2. high,3. low,4. close,5. volume,1. open2,2. high2,3. low2,4. close2,5. volume2,1. open3,2. high3,3. low3,4. close3,5. volume3,1. open4,2. high4,3. low4,4. close4,5. volume4,1. open5,2. high5,3. low5,4. close5,5. volume5,label
2018-01-10,65.7,65.99,64.79,65.15,1055800.0,66.85,66.88,65.21,65.7,966800.0,69.0,69.03,66.81,66.85,825100.0,68.87,69.41,67.85,69.13,1138100.0,69.92,70.05,68.87,69.55,1113900.0,66.09
2018-01-11,64.75,66.8,64.74,66.63,981000.0,65.7,65.99,64.79,65.15,1055800.0,66.85,66.88,65.21,65.7,966800.0,69.0,69.03,66.81,66.85,825100.0,68.87,69.41,67.85,69.13,1138100.0,66.18
2018-01-12,66.5,66.95,66.18,66.64,766900.0,64.75,66.8,64.74,66.63,981000.0,65.7,65.99,64.79,65.15,1055800.0,66.85,66.88,65.21,65.7,966800.0,69.0,69.03,66.81,66.85,825100.0,66.03
2018-01-15,66.56,66.56,65.99,66.5,235200.0,66.5,66.95,66.18,66.64,766900.0,64.75,66.8,64.74,66.63,981000.0,65.7,65.99,64.79,65.15,1055800.0,66.85,66.88,65.21,65.7,966800.0,66.7
2018-01-16,66.98,66.98,65.81,65.96,799400.0,66.56,66.56,65.99,66.5,235200.0,66.5,66.95,66.18,66.64,766900.0,64.75,66.8,64.74,66.63,981000.0,65.7,65.99,64.79,65.15,1055800.0,66.11
2018-01-17,65.83,66.3,65.45,65.6,774000.0,66.98,66.98,65.81,65.96,799400.0,66.56,66.56,65.99,66.5,235200.0,66.5,66.95,66.18,66.64,766900.0,64.75,66.8,64.74,66.63,981000.0,65.45
2018-01-18,65.93,66.54,65.88,66.09,806400.0,65.83,66.3,65.45,65.6,774000.0,66.98,66.98,65.81,65.96,799400.0,66.56,66.56,65.99,66.5,235200.0,66.5,66.95,66.18,66.64,766900.0,66.58
2018-01-19,65.77,66.41,65.77,66.18,1491500.0,65.93,66.54,65.88,66.09,806400.0,65.83,66.3,65.45,65.6,774000.0,66.98,66.98,65.81,65.96,799400.0,66.56,66.56,65.99,66.5,235200.0,66.22
2018-01-22,66.01,66.38,65.68,66.03,991000.0,65.77,66.41,65.77,66.18,1491500.0,65.93,66.54,65.88,66.09,806400.0,65.83,66.3,65.45,65.6,774000.0,66.98,66.98,65.81,65.96,799400.0,65.37
2018-01-23,66.04,67.05,65.87,66.7,1203200.0,66.01,66.38,65.68,66.03,991000.0,65.77,66.41,65.77,66.18,1491500.0,65.93,66.54,65.88,66.09,806400.0,65.83,66.3,65.45,65.6,774000.0,64.35
2018-01-24,66.65,67.07,65.77,66.11,1064900.0,66.04,67.05,65.87,66.7,1203200.0,66.01,66.38,65.68,66.03,991000.0,65.77,66.41,65.77,66.18,1491500.0,65.93,66.54,65.88,66.09,806400.0,63.25
2018-01-25,66.14,66.27,65.42,65.45,795300.0,66.65,67.07,65.77,66.11,1064900.0,66.04,67.05,65.87,66.7,1203200.0,66.01,66.38,65.68,66.03,991000.0,65.77,66.41,65.77,66.18,1491500.0,62.14
2018-01-26,65.48,66.63,65.1,66.58,612900.0,66.14,66.27,65.42,65.45,795300.0,66.65,67.07,65.77,66.11,1064900.0,66.04,67.05,65.87,66.7,1203200.0,66.01,66.38,65.68,66.03,991000.0,60.43
2018-01-29,66.4,66.62,66.0,66.22,359700.0,65.48,66.63,65.1,66.58,612900.0,66.14,66.27,65.42,65.45,795300.0,66.65,67.07,65.77,66.11,1064900.0,66.04,67.05,65.87,66.7,1203200.0,58.67
2018-01-30,66.22,66.22,65.29,65.37,610900.0,66.4,66.62,66.0,66.22,359700.0,65.48,66.63,65.1,66.58,612900.0,66.14,66.27,65.42,65.45,795300.0,66.65,67.07,65.77,66.11,1064900.0,58.69
2018-01-31,65.37,65.37,64.27,64.35,761100.0,66.22,66.22,65.29,65.37,610900.0,66.4,66.62,66.0,66.22,359700.0,65.48,66.63,65.1,66.58,612900.0,66.14,66.27,65.42,65.45,795300.0,56.84
2018-02-01,63.94,64.28,62.82,63.25,1026900.0,65.37,65.37,64.27,64.35,761100.0,66.22,66.22,65.29,65.37,610900.0,66.4,66.62,66.0,66.22,359700.0,65.48,66.63,65.1,66.58,612900.0,56.05
2018-02-02,63.0,63.0,61.75,62.14,844500.0,63.94,64.28,62.82,63.25,1026900.0,65.37,65.37,64.27,64.35,761100.0,66.22,66.22,65.29,65.37,610900.0,66.4,66.62,66.0,66.22,359700.0,57.4
2018-02-05,61.47,62.34,60.37,60.43,1036000.0,63.0,63.0,61.75,62.14,844500.0,63.94,64.28,62.82,63.25,1026900.0,65.37,65.37,64.27,64.35,761100.0,66.22,66.22,65.29,65.37,610900.0,56.34
2018-02-06,58.12,59.31,55.72,58.67,1890900.0,61.47,62.34,60.37,60.43,1036000.0,63.0,63.0,61.75,62.14,844500.0,63.94,64.28,62.82,63.25,1026900.0,65.37,65.37,64.27,64.35,761100.0,55.74
2018-02-07,58.01,59.69,57.99,58.69,1106200.0,58.12,59.31,55.72,58.67,1890900.0,61.47,62.34,60.37,60.43,1036000.0,63.0,63.0,61.75,62.14,844500.0,63.94,64.28,62.82,63.25,1026900.0,55.68
2018-02-08,58.22,58.48,56.62,56.84,1309900.0,58.01,59.69,57.99,58.69,1106200.0,58.12,59.31,55.72,58.67,1890900.0,61.47,62.34,60.37,60.43,1036000.0,63.0,63.0,61.75,62.14,844500.0,55.84
2018-02-09,57.01,57.29,55.74,56.05,1791400.0,58.22,58.48,56.62,56.84,1309900.0,58.01,59.69,57.99,58.69,1106200.0,58.12,59.31,55.72,58.67,1890900.0,61.47,62.34,60.37,60.43,1036000.0,56.92
2018-02-12,56.6,57.81,56.25,57.4,1141300.0,57.01,57.29,55.74,56.05,1791400.0,58.22,58.48,56.62,56.84,1309900.0,58.01,59.69,57.99,58.69,1106200.0,58.12,59.31,55.72,58.67,1890900.0,59.77
2018-02-13,57.4,57.6,56.08,56.34,1135100.0,56.6,57.81,56.25,57.4,1141300.0,57.01,57.29,55.74,56.05,1791400.0,58.22,58.48,56.62,56.84,1309900.0,58.01,59.69,57.99,58.69,1106200.0,60.5
2018-02-14,56.13,56.5,55.5,55.74,1216500.0,57.4,57.6,56.08,56.34,1135100.0,56.6,57.81,56.25,57.4,1141300.0,57.01,57.29,55.74,56.05,1791400.0,58.22,58.48,56.62,56.84,1309900.0,63.8
2018-02-15,55.96,56.3,55.27,55.68,890000.0,56.13,56.5,55.5,55.74,1216500.0,57.4,57.6,56.08,56.34,1135100.0,56.6,57.81,56.25,57.4,1141300.0,57.01,57.29,55.74,56.05,1791400.0,63.5
2018-02-16,55.93,56.16,55.45,55.84,823500.0,55.96,56.3,55.27,55.68,890000.0,56.13,56.5,55.5,55.74,1216500.0,57.4,57.6,56.08,56.34,1135100.0,56.6,57.81,56.25,57.4,1141300.0,63.04
2018-02-20,56.2,57.15,55.75,56.92,1005300.0,55.93,56.16,55.45,55.84,823500.0,55.96,56.3,55.27,55.68,890000.0,56.13,56.5,55.5,55.74,1216500.0,57.4,57.6,56.08,56.34,1135100.0,63.05
2018-02-21,57.5,60.98,57.15,59.77,1474100.0,56.2,57.15,55.75,56.92,1005300.0,55.93,56.16,55.45,55.84,823500.0,55.96,56.3,55.27,55.68,890000.0,56.13,56.5,55.5,55.74,1216500.0,63.46
2018-02-22,60.25,60.94,59.89,60.5,865100.0,57.5,60.98,57.15,59.77,1474100.0,56.2,57.15,55.75,56.92,1005300.0,55.93,56.16,55.45,55.84,823500.0,55.96,56.3,55.27,55.68,890000.0,63.74
2018-02-23,61.01,64.11,60.97,63.8,1342600.0,60.25,60.94,59.89,60.5,865100.0,57.5,60.98,57.15,59.77,1474100.0,56.2,57.15,55.75,56.92,1005300.0,55.93,56.16,55.45,55.84,823500.0,67.27
2018-02-26,64.35,64.4,62.39,63.5,882000.0,61.01,64.11,60.97,63.8,1342600.0,60.25,60.94,59.89,60.5,865100.0,57.5,60.98,57.15,59.77,1474100.0,56.2,57.15,55.75,56.92,1005300.0,66.34
2018-02-27,63.21,64.99,63.04,63.04,900700.0,64.35,64.4,62.39,63.5,882000.0,61.01,64.11,60.97,63.8,1342600.0,60.25,60.94,59.89,60.5,865100.0,57.5,60.98,57.15,59.77,1474100.0,65.84
2018-02-28,63.2,64.5,63.05,63.05,1429800.0,63.21,64.99,63.04,63.04,900700.0,64.35,64.4,62.39,63.5,882000.0,61.01,64.11,60.97,63.8,1342600.0,60.25,60.94,59.89,60.5,865100.0,65.25
2018-03-01,63.39,64.48,62.76,63.46,968500.0,63.2,64.5,63.05,63.05,1429800.0,63.21,64.99,63.04,63.04,900700.0,64.35,64.4,62.39,63.5,882000.0,61.01,64.11,60.97,63.8,1342600.0,66.79
2018-03-02,63.51,64.01,62.78,63.74,774100.0,63.39,64.48,62.76,63.46,968500.0,63.2,64.5,63.05,63.05,1429800.0,63.21,64.99,63.04,63.04,900700.0,64.35,64.4,62.39,63.5,882000.0,65.09
2018-03-05,64.0,67.9,63.99,67.27,1698900.0,63.51,64.01,62.78,63.74,774100.0,63.39,64.48,62.76,63.46,968500.0,63.2,64.5,63.05,63.05,1429800.0,63.21,64.99,63.04,63.04,900700.0,65.59
2018-03-06,67.45,67.85,66.01,66.34,1233500.0,64.0,67.9,63.99,67.27,1698900.0,63.51,64.01,62.78,63.74,774100.0,63.39,64.48,62.76,63.46,968500.0,63.2,64.5,63.05,63.05,1429800.0,65.33
2018-03-07,66.01,67.06,65.19,65.84,951100.0,67.45,67.85,66.01,66.34,1233500.0,64.0,67.9,63.99,67.27,1698900.0,63.51,64.01,62.78,63.74,774100.0,63.39,64.48,62.76,63.46,968500.0,65.29
2018-03-08,65.94,66.2,65.14,65.25,770700.0,66.01,67.06,65.19,65.84,951100.0,67.45,67.85,66.01,66.34,1233500.0,64.0,67.9,63.99,67.27,1698900.0,63.51,64.01,62.78,63.74,774100.0,64.93
2018-03-09,65.51,68.93,65.09,66.79,2079300.0,65.94,66.2,65.14,65.25,770700.0,66.01,67.06,65.19,65.84,951100.0,67.45,67.85,66.01,66.34,1233500.0,64.0,67.9,63.99,67.27,1698900.0,63.66
2018-03-12,66.95,66.99,64.91,65.09,1048300.0,65.51,68.93,65.09,66.79,2079300.0,65.94,66.2,65.14,65.25,770700.0,66.01,67.06,65.19,65.84,951100.0,67.45,67.85,66.01,66.34,1233500.0,62.6
2018-03-13,65.34,66.01,64.91,65.59,1175500.0,66.95,66.99,64.91,65.09,1048300.0,65.51,68.93,65.09,66.79,2079300.0,65.94,66.2,65.14,65.25,770700.0,66.01,67.06,65.19,65.84,951100.0,62.66
2018-03-14,65.98,66.0,65.22,65.33,641100.0,65.34,66.01,64.91,65.59,1175500.0,66.95,66.99,64.91,65.09,1048300.0,65.51,68.93,65.09,66.79,2079300.0,65.94,66.2,65.14,65.25,770700.0,61.16
2018-03-15,65.67,65.96,65.12,65.29,889200.0,65.98,66.0,65.22,65.33,641100.0,65.34,66.01,64.91,65.59,1175500.0,66.95,66.99,64.91,65.09,1048300.0,65.51,68.93,65.09,66.79,2079300.0,60.5
2018-03-16,65.35,65.81,64.86,64.93,4235300.0,65.67,65.96,65.12,65.29,889200.0,65.98,66.0,65.22,65.33,641100.0,65.34,66.01,64.91,65.59,1175500.0,66.95,66.99,64.91,65.09,1048300.0,60.64
2018-03-19,64.47,64.53,63.45,63.66,1351600.0,65.35,65.81,64.86,64.93,4235300.0,65.67,65.96,65.12,65.29,889200.0,65.98,66.0,65.22,65.33,641100.0,65.34,66.01,64.91,65.59,1175500.0,60.87
2018-03-20,63.92,63.96,62.6,62.6,861500.0,64.47,64.53,63.45,63.66,1351600.0,65.35,65.81,64.86,64.93,4235300.0,65.67,65.96,65.12,65.29,889200.0,65.98,66.0,65.22,65.33,641100.0,59.24
2018-03-21,62.51,63.6,62.38,62.66,922000.0,63.92,63.96,62.6,62.6,861500.0,64.47,64.53,63.45,63.66,1351600.0,65.35,65.81,64.86,64.93,4235300.0,65.67,65.96,65.12,65.29,889200.0,60.89
2018-03-22,62.02,62.31,61.11,61.16,679000.0,62.51,63.6,62.38,62.66,922000.0,63.92,63.96,62.6,62.6,861500.0,64.47,64.53,63.45,63.66,1351600.0,65.35,65.81,64.86,64.93,4235300.0,59.15
2018-03-23,61.17,61.75,60.43,60.5,865300.0,62.02,62.31,61.11,61.16,679000.0,62.51,63.6,62.38,62.66,922000.0,63.92,63.96,62.6,62.6,861500.0,64.47,64.53,63.45,63.66,1351600.0,58.63
2018-03-26,60.83,61.24,60.36,60.64,944200.0,61.17,61.75,60.43,60.5,865300.0,62.02,62.31,61.11,61.16,679000.0,62.51,63.6,62.38,62.66,922000.0,63.92,63.96,62.6,62.6,861500.0,57.7
2018-03-27,60.84,61.71,60.33,60.87,1013400.0,60.83,61.24,60.36,60.64,944200.0,61.17,61.75,60.43,60.5,865300.0,62.02,62.31,61.11,61.16,679000.0,62.51,63.6,62.38,62.66,922000.0,58.83
2018-03-28,60.35,60.42,59.13,59.24,1372500.0,60.84,61.71,60.33,60.87,1013400.0,60.83,61.24,60.36,60.64,944200.0,61.17,61.75,60.43,60.5,865300.0,62.02,62.31,61.11,61.16,679000.0,57.37
2018-03-29,59.38,61.3,59.24,60.89,1297400.0,60.35,60.42,59.13,59.24,1372500.0,60.84,61.71,60.33,60.87,1013400.0,60.83,61.24,60.36,60.64,944200.0,61.17,61.75,60.43,60.5,865300.0,58.78
2018-04-02,60.9,60.9,58.95,59.15,704200.0,59.38,61.3,59.24,60.89,1297400.0,60.35,60.42,59.13,59.24,1372500.0,60.84,61.71,60.33,60.87,1013400.0,60.83,61.24,60.36,60.64,944200.0,58.93
2018-04-03,59.15,59.23,57.98,58.63,990900.0,60.9,60.9,58.95,59.15,704200.0,59.38,61.3,59.24,60.89,1297400.0,60.35,60.42,59.13,59.24,1372500.0,60.84,61.71,60.33,60.87,1013400.0,58.36
2018-04-04,57.87,57.87,56.55,57.7,1503800.0,59.15,59.23,57.98,58.63,990900.0,60.9,60.9,58.95,59.15,704200.0,59.38,61.3,59.24,60.89,1297400.0,60.35,60.42,59.13,59.24,1372500.0,59.16
2018-04-05,58.0,59.37,57.7,58.83,596500.0,57.87,57.87,56.55,57.7,1503800.0,59.15,59.23,57.98,58.63,990900.0,60.9,60.9,58.95,59.15,704200.0,59.38,61.3,59.24,60.89,1297400.0,58.84
2018-04-06,58.49,58.71,57.17,57.37,872000.0,58.0,59.37,57.7,58.83,596500.0,57.87,57.87,56.55,57.7,1503800.0,59.15,59.23,57.98,58.63,990900.0,60.9,60.9,58.95,59.15,704200.0,58.87
2018-04-09,57.96,59.09,57.31,58.78,703200.0,58.49,58.71,57.17,57.37,872000.0,58.0,59.37,57.7,58.83,596500.0,57.87,57.87,56.55,57.7,1503800.0,59.15,59.23,57.98,58.63,990900.0,59.07
2018-04-10,59.72,59.72,58.87,58.93,716700.0,57.96,59.09,57.31,58.78,703200.0,58.49,58.71,57.17,57.37,872000.0,58.0,59.37,57.7,58.83,596500.0,57.87,57.87,56.55,57.7,1503800.0,60.9
2018-04-11,58.37,59.12,58.11,58.36,597600.0,59.72,59.72,58.87,58.93,716700.0,57.96,59.09,57.31,58.78,703200.0,58.49,58.71,57.17,57.37,872000.0,58.0,59.37,57.7,58.83,596500.0,60.26
2018-04-12,58.48,59.61,58.16,59.16,666200.0,58.37,59.12,58.11,58.36,597600.0,59.72,59.72,58.87,58.93,716700.0,57.96,59.09,57.31,58.78,703200.0,58.49,58.71,57.17,57.37,872000.0,59.63
2018-04-13,59.69,59.76,58.65,58.84,558100.0,58.48,59.61,58.16,59.16,666200.0,58.37,59.12,58.11,58.36,597600.0,59.72,59.72,58.87,58.93,716700.0,57.96,59.09,57.31,58.78,703200.0,59.11
2018-04-16,58.9,59.15,58.36,58.87,356400.0,59.69,59.76,58.65,58.84,558100.0,58.48,59.61,58.16,59.16,666200.0,58.37,59.12,58.11,58.36,597600.0,59.72,59.72,58.87,58.93,716700.0,58.45
2018-04-17,59.1,59.45,58.7,59.07,587100.0,58.9,59.15,58.36,58.87,356400.0,59.69,59.76,58.65,58.84,558100.0,58.48,59.61,58.16,59.16,666200.0,58.37,59.12,58.11,58.36,597600.0,59.54
2018-04-18,59.05,61.15,59.04,60.9,892700.0,59.1,59.45,58.7,59.07,587100.0,58.9,59.15,58.36,58.87,356400.0,59.69,59.76,58.65,58.84,558100.0,58.48,59.61,58.16,59.16,666200.0,60.02
2018-04-19,60.69,61.09,59.71,60.26,491500.0,59.05,61.15,59.04,60.9,892700.0,59.1,59.45,58.7,59.07,587100.0,58.9,59.15,58.36,58.87,356400.0,59.69,59.76,58.65,58.84,558100.0,59.43
2018-04-20,60.69,60.69,59.36,59.63,454700.0,60.69,61.09,59.71,60.26,491500.0,59.05,61.15,59.04,60.9,892700.0,59.1,59.45,58.7,59.07,587100.0,58.9,59.15,58.36,58.87,356400.0,58.45
2018-04-23,59.68,59.95,59.01,59.11,592000.0,60.69,60.69,59.36,59.63,454700.0,60.69,61.09,59.71,60.26,491500.0,59.05,61.15,59.04,60.9,892700.0,59.1,59.45,58.7,59.07,587100.0,58.92
2018-04-24,59.41,59.57,58.07,58.45,708300.0,59.68,59.95,59.01,59.11,592000.0,60.69,60.69,59.36,59.63,454700.0,60.69,61.09,59.71,60.26,491500.0,59.05,61.15,59.04,60.9,892700.0,59.25
2018-04-25,58.49,59.88,58.4,59.54,586200.0,59.41,59.57,58.07,58.45,708300.0,59.68,59.95,59.01,59.11,592000.0,60.69,60.69,59.36,59.63,454700.0,60.69,61.09,59.71,60.26,491500.0,59.14
2018-04-26,59.66,60.43,59.26,60.02,751900.0,58.49,59.88,58.4,59.54,586200.0,59.41,59.57,58.07,58.45,708300.0,59.68,59.95,59.01,59.11,592000.0,60.69,60.69,59.36,59.63,454700.0,59.84
2018-04-27,59.85,60.4,59.15,59.43,374500.0,59.66,60.43,59.26,60.02,751900.0,58.49,59.88,58.4,59.54,586200.0,59.41,59.57,58.07,58.45,708300.0,59.68,59.95,59.01,59.11,592000.0,59.99
2018-04-30,59.48,59.88,58.44,58.45,803300.0,59.85,60.4,59.15,59.43,374500.0,59.66,60.43,59.26,60.02,751900.0,58.49,59.88,58.4,59.54,586200.0,59.41,59.57,58.07,58.45,708300.0,61.67
2018-05-01,58.27,59.06,57.86,58.92,560300.0,59.48,59.88,58.44,58.45,803300.0,59.85,60.4,59.15,59.43,374500.0,59.66,60.43,59.26,60.02,751900.0,58.49,59.88,58.4,59.54,586200.0,62.37
2018-05-02,58.87,59.71,58.87,59.25,433200.0,58.27,59.06,57.86,58.92,560300.0,59.48,59.88,58.44,58.45,803300.0,59.85,60.4,59.15,59.43,374500.0,59.66,60.43,59.26,60.02,751900.0,62.79
2018-05-03,59.35,59.58,58.56,59.14,508800.0,58.87,59.71,58.87,59.25,433200.0,58.27,59.06,57.86,58.92,560300.0,59.48,59.88,58.44,58.45,803300.0,59.85,60.4,59.15,59.43,374500.0,62.51
2018-05-04,59.14,60.13,58.77,59.84,1270000.0,59.35,59.58,58.56,59.14,508800.0,58.87,59.71,58.87,59.25,433200.0,58.27,59.06,57.86,58.92,560300.0,59.48,59.88,58.44,58.45,803300.0,64.7
2018-05-07,59.85,60.3,59.11,59.99,870500.0,59.14,60.13,58.77,59.84,1270000.0,59.35,59.58,58.56,59.14,508800.0,58.87,59.71,58.87,59.25,433200.0,58.27,59.06,57.86,58.92,560300.0,66.5
2018-05-08,60.16,62.12,60.08,61.67,1153800.0,59.85,60.3,59.11,59.99,870500.0,59.14,60.13,58.77,59.84,1270000.0,59.35,59.58,58.56,59.14,508800.0,58.87,59.71,58.87,59.25,433200.0,66.18
2018-05-09,62.61,63.74,62.37,62.37,1244500.0,60.16,62.12,60.08,61.67,1153800.0,59.85,60.3,59.11,59.99,870500.0,59.14,60.13,58.77,59.84,1270000.0,59.35,59.58,58.56,59.14,508800.0,66.01
2018-05-10,62.79,63.11,62.0,62.79,781900.0,62.61,63.74,62.37,62.37,1244500.0,60.16,62.12,60.08,61.67,1153800.0,59.85,60.3,59.11,59.99,870500.0,59.14,60.13,58.77,59.84,1270000.0,66.31
2018-05-11,62.92,63.32,62.15,62.51,709700.0,62.79,63.11,62.0,62.79,781900.0,62.61,63.74,62.37,62.37,1244500.0,60.16,62.12,60.08,61.67,1153800.0,59.85,60.3,59.11,59.99,870500.0,65.42
2018-05-14,63.03,64.76,62.45,64.7,4149200.0,62.92,63.32,62.15,62.51,709700.0,62.79,63.11,62.0,62.79,781900.0,62.61,63.74,62.37,62.37,1244500.0,60.16,62.12,60.08,61.67,1153800.0,65.89
2018-05-15,64.88,66.57,64.72,66.5,1168100.0,63.03,64.76,62.45,64.7,4149200.0,62.92,63.32,62.15,62.51,709700.0,62.79,63.11,62.0,62.79,781900.0,62.61,63.74,62.37,62.37,1244500.0,65.94
2018-05-16,66.28,66.56,65.3,66.18,1010200.0,64.88,66.57,64.72,66.5,1168100.0,63.03,64.76,62.45,64.7,4149200.0,62.92,63.32,62.15,62.51,709700.0,62.79,63.11,62.0,62.79,781900.0,65.74
2018-05-17,66.3,66.5,65.32,66.01,2621300.0,66.28,66.56,65.3,66.18,1010200.0,64.88,66.57,64.72,66.5,1168100.0,63.03,64.76,62.45,64.7,4149200.0,62.92,63.32,62.15,62.51,709700.0,65.62
2018-05-18,65.74,66.47,65.32,66.31,772500.0,66.3,66.5,65.32,66.01,2621300.0,66.28,66.56,65.3,66.18,1010200.0,64.88,66.57,64.72,66.5,1168100.0,63.03,64.76,62.45,64.7,4149200.0,65.21
2018-05-22,66.33,66.68,65.38,65.42,2110600.0,65.74,66.47,65.32,66.31,772500.0,66.3,66.5,65.32,66.01,2621300.0,66.28,66.56,65.3,66.18,1010200.0,64.88,66.57,64.72,66.5,1168100.0,65.77
2018-05-23,65.31,66.06,64.83,65.89,709500.0,66.33,66.68,65.38,65.42,2110600.0,65.74,66.47,65.32,66.31,772500.0,66.3,66.5,65.32,66.01,2621300.0,66.28,66.56,65.3,66.18,1010200.0,65.61
2018-05-24,65.91,66.27,65.64,65.94,754700.0,65.31,66.06,64.83,65.89,709500.0,66.33,66.68,65.38,65.42,2110600.0,65.74,66.47,65.32,66.31,772500.0,66.3,66.5,65.32,66.01,2621300.0,65.79
2018-05-25,65.87,66.1,65.5,65.74,630400.0,65.91,66.27,65.64,65.94,754700.0,65.31,66.06,64.83,65.89,709500.0,66.33,66.68,65.38,65.42,2110600.0,65.74,66.47,65.32,66.31,772500.0,65.2
2018-05-28,65.74,66.05,65.61,65.62,234500.0,65.87,66.1,65.5,65.74,630400.0,65.91,66.27,65.64,65.94,754700.0,65.31,66.06,64.83,65.89,709500.0,66.33,66.68,65.38,65.42,2110600.0,65.7
2018-05-29,64.9,65.98,64.59,65.21,697100.0,65.74,66.05,65.61,65.62,234500.0,65.87,66.1,65.5,65.74,630400.0,65.91,66.27,65.64,65.94,754700.0,65.31,66.06,64.83,65.89,709500.0,69.18
2018-05-30,65.54,65.89,65.16,65.77,677900.0,64.9,65.98,64.59,65.21,697100.0,65.74,66.05,65.61,65.62,234500.0,65.87,66.1,65.5,65.74,630400.0,65.91,66.27,65.64,65.94,754700.0,68.18
2018-05-31,65.66,65.92,65.48,65.61,1561200.0,65.54,65.89,65.16,65.77,677900.0,64.9,65.98,64.59,65.21,697100.0,65.74,66.05,65.61,65.62,234500.0,65.87,66.1,65.5,65.74,630400.0,68.09
2018-06-01,65.75,66.4,65.7,65.79,647000.0,65.66,65.92,65.48,65.61,1561200.0,65.54,65.89,65.16,65.77,677900.0,64.9,65.98,64.59,65.21,697100.0,65.74,66.05,65.61,65.62,234500.0,68.53
2018-06-04,65.9,65.92,64.91,65.2,596500.0,65.75,66.4,65.7,65.79,647000.0,65.66,65.92,65.48,65.61,1561200.0,65.54,65.89,65.16,65.77,677900.0,64.9,65.98,64.59,65.21,697100.0,68.6
2018-06-05,65.91,66.51,65.44,65.7,605500.0,65.9,65.92,64.91,65.2,596500.0,65.75,66.4,65.7,65.79,647000.0,65.66,65.92,65.48,65.61,1561200.0,65.54,65.89,65.16,65.77,677900.0,69.54
2018-06-06,65.31,69.18,65.27,69.18,1492200.0,65.91,66.51,65.44,65.7,605500.0,65.9,65.92,64.91,65.2,596500.0,65.75,66.4,65.7,65.79,647000.0,65.66,65.92,65.48,65.61,1561200.0,70.31
2018-06-07,68.07,68.62,67.16,68.18,1019600.0,65.31,69.18,65.27,69.18,1492200.0,65.91,66.51,65.44,65.7,605500.0,65.9,65.92,64.91,65.2,596500.0,65.75,66.4,65.7,65.79,647000.0,70.6
2018-06-08,68.02,68.76,67.73,68.09,777600.0,68.07,68.62,67.16,68.18,1019600.0,65.31,69.18,65.27,69.18,1492200.0,65.91,66.51,65.44,65.7,605500.0,65.9,65.92,64.91,65.2,596500.0,70.53
2018-06-11,68.13,69.88,68.07,68.53,1072200.0,68.02,68.76,67.73,68.09,777600.0,68.07,68.62,67.16,68.18,1019600.0,65.31,69.18,65.27,69.18,1492200.0,65.91,66.51,65.44,65.7,605500.0,70.2
2018-06-12,68.59,69.09,68.12,68.6,688800.0,68.13,69.88,68.07,68.53,1072200.0,68.02,68.76,67.73,68.09,777600.0,68.07,68.62,67.16,68.18,1019600.0,65.31,69.18,65.27,69.18,1492200.0,69.62
2018-06-13,68.51,69.96,68.38,69.54,1025500.0,68.59,69.09,68.12,68.6,688800.0,68.13,69.88,68.07,68.53,1072200.0,68.02,68.76,67.73,68.09,777600.0,68.07,68.62,67.16,68.18,1019600.0,70.13
2018-06-14,69.79,70.75,69.44,70.31,1207800.0,68.51,69.96,68.38,69.54,1025500.0,68.59,69.09,68.12,68.6,688800.0,68.13,69.88,68.07,68.53,1072200.0,68.02,68.76,67.73,68.09,777600.0,71.22
2018-06-15,70.4,70.71,69.79,70.6,4966100.0,69.79,70.75,69.44,70.31,1207800.0,68.51,69.96,68.38,69.54,1025500.0,68.59,69.09,68.12,68.6,688800.0,68.13,69.88,68.07,68.53,1072200.0,71.74
2018-06-18,70.01,71.07,70.01,70.53,1057800.0,70.4,70.71,69.79,70.6,4966100.0,69.79,70.75,69.44,70.31,1207800.0,68.51,69.96,68.38,69.54,1025500.0,68.59,69.09,68.12,68.6,688800.0,72.64
2018-06-19,69.26,70.2,68.16,70.2,1069800.0,70.01,71.07,70.01,70.53,1057800.0,70.4,70.71,69.79,70.6,4966100.0,69.79,70.75,69.44,70.31,1207800.0,68.51,69.96,68.38,69.54,1025500.0,71.7
2018-06-20,70.2,70.47,69.08,69.62,1019300.0,69.26,70.2,68.16,70.2,1069800.0,70.01,71.07,70.01,70.53,1057800.0,70.4,70.71,69.79,70.6,4966100.0,69.79,70.75,69.44,70.31,1207800.0,70.8
2018-06-21,69.56,70.48,69.54,70.13,1098500.0,70.2,70.47,69.08,69.62,1019300.0,69.26,70.2,68.16,70.2,1069800.0,70.01,71.07,70.01,70.53,1057800.0,70.4,70.71,69.79,70.6,4966100.0,71.52
2018-06-22,70.74,71.93,70.66,71.22,1288100.0,69.56,70.48,69.54,70.13,1098500.0,70.2,70.47,69.08,69.62,1019300.0,69.26,70.2,68.16,70.2,1069800.0,70.01,71.07,70.01,70.53,1057800.0,70.95
2018-06-25,72.01,72.23,71.44,71.74,2421900.0,70.74,71.93,70.66,71.22,1288100.0,69.56,70.48,69.54,70.13,1098500.0,70.2,70.47,69.08,69.62,1019300.0,69.26,70.2,68.16,70.2,1069800.0,71.06
2018-06-26,72.01,73.43,71.92,72.64,1987200.0,72.01,72.23,71.44,71.74,2421900.0,70.74,71.93,70.66,71.22,1288100.0,69.56,70.48,69.54,70.13,1098500.0,70.2,70.47,69.08,69.62,1019300.0,70.3
2018-06-27,72.89,73.08,71.58,71.7,1701000.0,72.01,73.43,71.92,72.64,1987200.0,72.01,72.23,71.44,71.74,2421900.0,70.74,71.93,70.66,71.22,1288100.0,69.56,70.48,69.54,70.13,1098500.0,70.78
2018-06-28,71.22,71.97,70.59,70.8,946500.0,72.89,73.08,71.58,71.7,1701000.0,72.01,73.43,71.92,72.64,1987200.0,72.01,72.23,71.44,71.74,2421900.0,70.74,71.93,70.66,71.22,1288100.0,70.36
2018-06-29,70.9,71.94,70.8,71.52,1081000.0,71.22,71.97,70.59,70.8,946500.0,72.89,73.08,71.58,71.7,1701000.0,72.01,73.43,71.92,72.64,1987200.0,72.01,72.23,71.44,71.74,2421900.0,71.27
2018-07-03,71.74,71.99,70.78,70.95,869000.0,70.9,71.94,70.8,71.52,1081000.0,71.22,71.97,70.59,70.8,946500.0,72.89,73.08,71.58,71.7,1701000.0,72.01,73.43,71.92,72.64,1987200.0,69.28
2018-07-04,70.9,71.53,70.45,71.06,430100.0,71.74,71.99,70.78,70.95,869000.0,70.9,71.94,70.8,71.52,1081000.0,71.22,71.97,70.59,70.8,946500.0,72.89,73.08,71.58,71.7,1701000.0,69.8
2018-07-05,70.96,71.19,70.16,70.3,690600.0,70.9,71.53,70.45,71.06,430100.0,71.74,71.99,70.78,70.95,869000.0,70.9,71.94,70.8,71.52,1081000.0,71.22,71.97,70.59,70.8,946500.0,69.83
2018-07-06,70.07,70.87,69.67,70.78,745400.0,70.96,71.19,70.16,70.3,690600.0,70.9,71.53,70.45,71.06,430100.0,71.74,71.99,70.78,70.95,869000.0,70.9,71.94,70.8,71.52,1081000.0,69.31
2018-07-09,70.78,71.25,70.26,70.36,450300.0,70.07,70.87,69.67,70.78,745400.0,70.96,71.19,70.16,70.3,690600.0,70.9,71.53,70.45,71.06,430100.0,71.74,71.99,70.78,70.95,869000.0,69.56
2018-07-10,70.35,71.42,70.11,71.27,836800.0,70.78,71.25,70.26,70.36,450300.0,70.07,70.87,69.67,70.78,745400.0,70.96,71.19,70.16,70.3,690600.0,70.9,71.53,70.45,71.06,430100.0,68.82
2018-07-11,70.69,70.71,68.93,69.28,1259000.0,70.35,71.42,70.11,71.27,836800.0,70.78,71.25,70.26,70.36,450300.0,70.07,70.87,69.67,70.78,745400.0,70.96,71.19,70.16,70.3,690600.0,69.04
2018-07-12,69.43,70.25,68.8,69.8,795200.0,70.69,70.71,68.93,69.28,1259000.0,70.35,71.42,70.11,71.27,836800.0,70.78,71.25,70.26,70.36,450300.0,70.07,70.87,69.67,70.78,745400.0,68.83
2018-07-13,69.72,70.13,69.28,69.83,554200.0,69.43,70.25,68.8,69.8,795200.0,70.69,70.71,68.93,69.28,1259000.0,70.35,71.42,70.11,71.27,836800.0,70.78,71.25,70.26,70.36,450300.0,68.33
2018-07-16,69.71,70.11,69.14,69.31,452400.0,69.72,70.13,69.28,69.83,554200.0,69.43,70.25,68.8,69.8,795200.0,70.69,70.71,68.93,69.28,1259000.0,70.35,71.42,70.11,71.27,836800.0,68.99
2018-07-17,69.06,69.86,69.05,69.56,623000.0,69.71,70.11,69.14,69.31,452400.0,69.72,70.13,69.28,69.83,554200.0,69.43,70.25,68.8,69.8,795200.0,70.69,70.71,68.93,69.28,1259000.0,69.07
2018-07-18,70.13,70.97,68.82,68.82,657600.0,69.06,69.86,69.05,69.56,623000.0,69.71,70.11,69.14,69.31,452400.0,69.72,70.13,69.28,69.83,554200.0,69.43,70.25,68.8,69.8,795200.0,70.3
2018-07-19,68.8,69.34,68.22,69.04,634100.0,70.13,70.97,68.82,68.82,657600.0,69.06,69.86,69.05,69.56,623000.0,69.71,70.11,69.14,69.31,452400.0,69.72,70.13,69.28,69.83,554200.0,70.28
2018-07-20,68.58,69.34,68.11,68.83,683300.0,68.8,69.34,68.22,69.04,634100.0,70.13,70.97,68.82,68.82,657600.0,69.06,69.86,69.05,69.56,623000.0,69.71,70.11,69.14,69.31,452400.0,69.39
2018-07-23,68.84,69.34,68.165,68.33,430800.0,68.58,69.34,68.11,68.83,683300.0,68.8,69.34,68.22,69.04,634100.0,70.13,70.97,68.82,68.82,657600.0,69.06,69.86,69.05,69.56,623000.0,70.65
2018-07-24,68.42,69.65,68.42,68.99,687800.0,68.84,69.34,68.165,68.33,430800.0,68.58,69.34,68.11,68.83,683300.0,68.8,69.34,68.22,69.04,634100.0,70.13,70.97,68.82,68.82,657600.0,71.0
2018-07-25,69.1,69.29,68.44,69.07,432100.0,68.42,69.65,68.42,68.99,687800.0,68.84,69.34,68.165,68.33,430800.0,68.58,69.34,68.11,68.83,683300.0,68.8,69.34,68.22,69.04,634100.0,74.32
2018-07-26,68.95,70.77,68.68,70.3,652400.0,69.1,69.29,68.44,69.07,432100.0,68.42,69.65,68.42,68.99,687800.0,68.84,69.34,68.165,68.33,430800.0,68.58,69.34,68.11,68.83,683300.0,75.17
2018-07-27,70.27,71.12,69.71,70.28,566700.0,68.95,70.77,68.68,70.3,652400.0,69.1,69.29,68.44,69.07,432100.0,68.42,69.65,68.42,68.99,687800.0,68.84,69.34,68.165,68.33,430800.0,73.98
2018-07-30,70.37,70.71,69.24,69.39,574800.0,70.27,71.12,69.71,70.28,566700.0,68.95,70.77,68.68,70.3,652400.0,69.1,69.29,68.44,69.07,432100.0,68.42,69.65,68.42,68.99,687800.0,74.1
2018-07-31,69.59,70.76,69.56,70.65,896700.0,70.37,70.71,69.24,69.39,574800.0,70.27,71.12,69.71,70.28,566700.0,68.95,70.77,68.68,70.3,652400.0,69.1,69.29,68.44,69.07,432100.0,76.12
2018-08-01,70.24,71.0,69.91,71.0,770600.0,69.59,70.76,69.56,70.65,896700.0,70.37,70.71,69.24,69.39,574800.0,70.27,71.12,69.71,70.28,566700.0,68.95,70.77,68.68,70.3,652400.0,74.8
2018-08-02,72.27,75.56,71.7,74.32,2268400.0,70.24,71.0,69.91,71.0,770600.0,69.59,70.76,69.56,70.65,896700.0,70.37,70.71,69.24,69.39,574800.0,70.27,71.12,69.71,70.28,566700.0,73.55
2018-08-03,74.25,75.17,73.35,75.17,1315300.0,72.27,75.56,71.7,74.32,2268400.0,70.24,71.0,69.91,71.0,770600.0,69.59,70.76,69.56,70.65,896700.0,70.37,70.71,69.24,69.39,574800.0,73.68
2018-08-07,74.53,75.74,73.74,73.98,1247500.0,74.25,75.17,73.35,75.17,1315300.0,72.27,75.56,71.7,74.32,2268400.0,70.24,71.0,69.91,71.0,770600.0,69.59,70.76,69.56,70.65,896700.0,72.29
2018-08-08,74.07,74.47,73.65,74.1,667500.0,74.53,75.74,73.74,73.98,1247500.0,74.25,75.17,73.35,75.17,1315300.0,72.27,75.56,71.7,74.32,2268400.0,70.24,71.0,69.91,71.0,770600.0,72.45
2018-08-09,74.37,76.12,74.15,76.12,1490700.0,74.07,74.47,73.65,74.1,667500.0,74.53,75.74,73.74,73.98,1247500.0,74.25,75.17,73.35,75.17,1315300.0,72.27,75.56,71.7,74.32,2268400.0,73.11
2018-08-10,75.54,76.11,74.79,74.8,721000.0,74.37,76.12,74.15,76.12,1490700.0,74.07,74.47,73.65,74.1,667500.0,74.53,75.74,73.74,73.98,1247500.0,74.25,75.17,73.35,75.17,1315300.0,72.41
2018-08-13,74.8,74.96,73.2,73.55,778600.0,75.54,76.11,74.79,74.8,721000.0,74.37,76.12,74.15,76.12,1490700.0,74.07,74.47,73.65,74.1,667500.0,74.53,75.74,73.74,73.98,1247500.0,71.67
2018-08-14,73.57,73.99,73.13,73.68,550300.0,74.8,74.96,73.2,73.55,778600.0,75.54,76.11,74.79,74.8,721000.0,74.37,76.12,74.15,76.12,1490700.0,74.07,74.47,73.65,74.1,667500.0,71.5
2018-08-15,72.94,73.0,71.47,72.29,1156700.0,73.57,73.99,73.13,73.68,550300.0,74.8,74.96,73.2,73.55,778600.0,75.54,76.11,74.79,74.8,721000.0,74.37,76.12,74.15,76.12,1490700.0,72.04
2018-08-16,72.7,73.38,72.3,72.45,594900.0,72.94,73.0,71.47,72.29,1156700.0,73.57,73.99,73.13,73.68,550300.0,74.8,74.96,73.2,73.55,778600.0,75.54,76.11,74.79,74.8,721000.0,71.95
2018-08-17,72.5,73.43,71.93,73.11,664600.0,72.7,73.38,72.3,72.45,594900.0,72.94,73.0,71.47,72.29,1156700.0,73.57,73.99,73.13,73.68,550300.0,74.8,74.96,73.2,73.55,778600.0,72.81
2018-08-20,73.25,73.59,72.28,72.41,668400.0,72.5,73.43,71.93,73.11,664600.0,72.7,73.38,72.3,72.45,594900.0,72.94,73.0,71.47,72.29,1156700.0,73.57,73.99,73.13,73.68,550300.0,72.93
2018-08-21,72.41,72.85,71.61,71.67,671700.0,73.25,73.59,72.28,72.41,668400.0,72.5,73.43,71.93,73.11,664600.0,72.7,73.38,72.3,72.45,594900.0,72.94,73.0,71.47,72.29,1156700.0,74.29
2018-08-22,71.86,72.31,71.42,71.5,621900.0,72.41,72.85,71.61,71.67,671700.0,73.25,73.59,72.28,72.41,668400.0,72.5,73.43,71.93,73.11,664600.0,72.7,73.38,72.3,72.45,594900.0,74.01
2018-08-23,71.52,72.1,71.03,72.04,663500.0,71.86,72.31,71.42,71.5,621900.0,72.41,72.85,71.61,71.67,671700.0,73.25,73.59,72.28,72.41,668400.0,72.5,73.43,71.93,73.11,664600.0,73.34
2018-08-24,71.93,72.49,71.74,71.95,409600.0,71.52,72.1,71.03,72.04,663500.0,71.86,72.31,71.42,71.5,621900.0,72.41,72.85,71.61,71.67,671700.0,73.25,73.59,72.28,72.41,668400.0,72.91
2018-08-27,72.58,73.86,72.58,72.81,1251900.0,71.93,72.49,71.74,71.95,409600.0,71.52,72.1,71.03,72.04,663500.0,71.86,72.31,71.42,71.5,621900.0,72.41,72.85,71.61,71.67,671700.0,72.27
2018-08-28,73.35,73.35,72.5,72.93,539500.0,72.58,73.86,72.58,72.81,1251900.0,71.93,72.49,71.74,71.95,409600.0,71.52,72.1,71.03,72.04,663500.0,71.86,72.31,71.42,71.5,621900.0,71.94
2018-08-29,73.01,75.08,72.93,74.29,731700.0,73.35,73.35,72.5,72.93,539500.0,72.58,73.86,72.58,72.81,1251900.0,71.93,72.49,71.74,71.95,409600.0,71.52,72.1,71.03,72.04,663500.0,72.31
2018-08-30,74.2,74.69,73.65,74.01,595800.0,73.01,75.08,72.93,74.29,731700.0,73.35,73.35,72.5,72.93,539500.0,72.58,73.86,72.58,72.81,1251900.0,71.93,72.49,71.74,71.95,409600.0,72.85
2018-08-31,73.74,74.26,72.95,73.34,1560000.0,74.2,74.69,73.65,74.01,595800.0,73.01,75.08,72.93,74.29,731700.0,73.35,73.35,72.5,72.93,539500.0,72.58,73.86,72.58,72.81,1251900.0,73.37
2018-09-04,73.16,73.71,72.61,72.91,866500.0,73.74,74.26,72.95,73.34,1560000.0,74.2,74.69,73.65,74.01,595800.0,73.01,75.08,72.93,74.29,731700.0,73.35,73.35,72.5,72.93,539500.0,73.15
2018-09-05,72.72,73.12,71.64,72.27,790900.0,73.16,73.71,72.61,72.91,866500.0,73.74,74.26,72.95,73.34,1560000.0,74.2,74.69,73.65,74.01,595800.0,73.01,75.08,72.93,74.29,731700.0,73.36
2018-09-06,72.13,73.525,71.66,71.94,582200.0,72.72,73.12,71.64,72.27,790900.0,73.16,73.71,72.61,72.91,866500.0,73.74,74.26,72.95,73.34,1560000.0,74.2,74.69,73.65,74.01,595800.0,73.0
2018-09-07,71.65,72.48,70.8,72.31,1082100.0,72.13,73.525,71.66,71.94,582200.0,72.72,73.12,71.64,72.27,790900.0,73.16,73.71,72.61,72.91,866500.0,73.74,74.26,72.95,73.34,1560000.0,75.38
2018-09-10,72.48,73.29,72.27,72.85,1259500.0,71.65,72.48,70.8,72.31,1082100.0,72.13,73.525,71.66,71.94,582200.0,72.72,73.12,71.64,72.27,790900.0,73.16,73.71,72.61,72.91,866500.0,75.77
2018-09-11,72.12,73.9,72.12,73.37,752200.0,72.48,73.29,72.27,72.85,1259500.0,71.65,72.48,70.8,72.31,1082100.0,72.13,73.525,71.66,71.94,582200.0,72.72,73.12,71.64,72.27,790900.0,75.68
2018-09-12,73.43,73.69,72.59,73.15,963300.0,72.12,73.9,72.12,73.37,752200.0,72.48,73.29,72.27,72.85,1259500.0,71.65,72.48,70.8,72.31,1082100.0,72.13,73.525,71.66,71.94,582200.0,74.64
2018-09-13,73.37,73.88,72.9,73.36,664400.0,73.43,73.69,72.59,73.15,963300.0,72.12,73.9,72.12,73.37,752200.0,72.48,73.29,72.27,72.85,1259500.0,71.65,72.48,70.8,72.31,1082100.0,73.76
2018-09-14,73.27,73.43,72.44,73.0,656400.0,73.37,73.88,72.9,73.36,664400.0,73.43,73.69,72.59,73.15,963300.0,72.12,73.9,72.12,73.37,752200.0,72.48,73.29,72.27,72.85,1259500.0,73.66
2018-09-17,73.83,75.8,73.83,75.38,1008200.0,73.27,73.43,72.44,73.0,656400.0,73.37,73.88,72.9,73.36,664400.0,73.43,73.69,72.59,73.15,963300.0,72.12,73.9,72.12,73.37,752200.0,74.78
2018-09-18,75.46,76.0,75.46,75.77,924700.0,73.83,75.8,73.83,75.38,1008200.0,73.27,73.43,72.44,73.0,656400.0,73.37,73.88,72.9,73.36,664400.0,73.43,73.69,72.59,73.15,963300.0,74.85
2018-09-19,75.96,76.17,75.52,75.68,1110500.0,75.46,76.0,75.46,75.77,924700.0,73.83,75.8,73.83,75.38,1008200.0,73.27,73.43,72.44,73.0,656400.0,73.37,73.88,72.9,73.36,664400.0,74.68
2018-09-20,75.85,76.0,74.28,74.64,1079900.0,75.96,76.17,75.52,75.68,1110500.0,75.46,76.0,75.46,75.77,924700.0,73.83,75.8,73.83,75.38,1008200.0,73.27,73.43,72.44,73.0,656400.0,74.58
2018-09-21,74.32,74.62,73.42,73.76,4204100.0,75.85,76.0,74.28,74.64,1079900.0,75.96,76.17,75.52,75.68,1110500.0,75.46,76.0,75.46,75.77,924700.0,73.83,75.8,73.83,75.38,1008200.0,74.83
2018-09-24,73.83,74.03,73.53,73.66,559300.0,74.32,74.62,73.42,73.76,4204100.0,75.85,76.0,74.28,74.64,1079900.0,75.96,76.17,75.52,75.68,1110500.0,75.46,76.0,75.46,75.77,924700.0,74.82
2018-09-25,73.82,75.2,73.7,74.78,805000.0,73.83,74.03,73.53,73.66,559300.0,74.32,74.62,73.42,73.76,4204100.0,75.85,76.0,74.28,74.64,1079900.0,75.96,76.17,75.52,75.68,1110500.0,74.55
2018-09-26,74.74,75.6,74.74,74.85,1028300.0,73.82,75.2,73.7,74.78,805000.0,73.83,74.03,73.53,73.66,559300.0,74.32,74.62,73.42,73.76,4204100.0,75.85,76.0,74.28,74.64,1079900.0,74.99
2018-09-27,74.51,74.88,73.78,74.68,912900.0,74.74,75.6,74.74,74.85,1028300.0,73.82,75.2,73.7,74.78,805000.0,73.83,74.03,73.53,73.66,559300.0,74.32,74.62,73.42,73.76,4204100.0,75.07
2018-09-28,74.48,74.9,74.13,74.58,1206900.0,74.51,74.88,73.78,74.68,912900.0,74.74,75.6,74.74,74.85,1028300.0,73.82,75.2,73.7,74.78,805000.0,73.83,74.03,73.53,73.66,559300.0,74.54
2018-10-01,74.74,75.19,74.0,74.83,867400.0,74.48,74.9,74.13,74.58,1206900.0,74.51,74.88,73.78,74.68,912900.0,74.74,75.6,74.74,74.85,1028300.0,73.82,75.2,73.7,74.78,805000.0,71.64
2018-10-02,74.81,75.32,74.35,74.82,805100.0,74.74,75.19,74.0,74.83,867400.0,74.48,74.9,74.13,74.58,1206900.0,74.51,74.88,73.78,74.68,912900.0,74.74,75.6,74.74,74.85,1028300.0,70.43
2018-10-03,74.61,75.17,74.1,74.55,722500.0,74.81,75.32,74.35,74.82,805100.0,74.74,75.19,74.0,74.83,867400.0,74.48,74.9,74.13,74.58,1206900.0,74.51,74.88,73.78,74.68,912900.0,70.48
2018-10-04,74.42,75.0,74.2,74.99,802100.0,74.61,75.17,74.1,74.55,722500.0,74.81,75.32,74.35,74.82,805100.0,74.74,75.19,74.0,74.83,867400.0,74.48,74.9,74.13,74.58,1206900.0,70.03
2018-10-05,74.79,75.3,74.45,75.07,776500.0,74.42,75.0,74.2,74.99,802100.0,74.61,75.17,74.1,74.55,722500.0,74.81,75.32,74.35,74.82,805100.0,74.74,75.19,74.0,74.83,867400.0,72.23
2018-10-09,75.32,75.78,74.395,74.54,1227200.0,74.79,75.3,74.45,75.07,776500.0,74.42,75.0,74.2,74.99,802100.0,74.61,75.17,74.1,74.55,722500.0,74.81,75.32,74.35,74.82,805100.0,72.47
2018-10-10,74.01,74.57,71.6,71.64,1532900.0,75.32,75.78,74.395,74.54,1227200.0,74.79,75.3,74.45,75.07,776500.0,74.42,75.0,74.2,74.99,802100.0,74.61,75.17,74.1,74.55,722500.0,71.35
2018-10-11,71.01,71.82,70.4,70.43,2531100.0,74.01,74.57,71.6,71.64,1532900.0,75.32,75.78,74.395,74.54,1227200.0,74.79,75.3,74.45,75.07,776500.0,74.42,75.0,74.2,74.99,802100.0,73.22
2018-10-12,71.5,71.5,70.11,70.48,1548000.0,71.01,71.82,70.4,70.43,2531100.0,74.01,74.57,71.6,71.64,1532900.0,75.32,75.78,74.395,74.54,1227200.0,74.79,75.3,74.45,75.07,776500.0,71.56
2018-10-15,70.21,70.54,69.74,70.03,1138600.0,71.5,71.5,70.11,70.48,1548000.0,71.01,71.82,70.4,70.43,2531100.0,74.01,74.57,71.6,71.64,1532900.0,75.32,75.78,74.395,74.54,1227200.0,69.14
2018-10-16,70.12,72.28,69.55,72.23,1222300.0,70.21,70.54,69.74,70.03,1138600.0,71.5,71.5,70.11,70.48,1548000.0,71.01,71.82,70.4,70.43,2531100.0,74.01,74.57,71.6,71.64,1532900.0,66.2
2018-10-17,72.59,72.63,71.69,72.47,1996600.0,70.12,72.28,69.55,72.23,1222300.0,70.21,70.54,69.74,70.03,1138600.0,71.5,71.5,70.11,70.48,1548000.0,71.01,71.82,70.4,70.43,2531100.0,67.07
2018-10-18,72.43,72.43,70.69,71.35,1089100.0,72.59,72.63,71.69,72.47,1996600.0,70.12,72.28,69.55,72.23,1222300.0,70.21,70.54,69.74,70.03,1138600.0,71.5,71.5,70.11,70.48,1548000.0,67.66
2018-10-19,71.85,74.24,71.85,73.22,1377800.0,72.43,72.43,70.69,71.35,1089100.0,72.59,72.63,71.69,72.47,1996600.0,70.12,72.28,69.55,72.23,1222300.0,70.21,70.54,69.74,70.03,1138600.0,66.9
2018-10-22,73.0,73.56,71.36,71.56,1252800.0,71.85,74.24,71.85,73.22,1377800.0,72.43,72.43,70.69,71.35,1089100.0,72.59,72.63,71.69,72.47,1996600.0,70.12,72.28,69.55,72.23,1222300.0,67.98
2018-10-23,70.92,70.92,68.38,69.14,1284400.0,73.0,73.56,71.36,71.56,1252800.0,71.85,74.24,71.85,73.22,1377800.0,72.43,72.43,70.69,71.35,1089100.0,72.59,72.63,71.69,72.47,1996600.0,69.69
2018-10-24,69.14,69.14,66.01,66.2,3171900.0,70.92,70.92,68.38,69.14,1284400.0,73.0,73.56,71.36,71.56,1252800.0,71.85,74.24,71.85,73.22,1377800.0,72.43,72.43,70.69,71.35,1089100.0,72.21
2018-10-25,66.59,68.25,66.46,67.07,1231200.0,69.14,69.14,66.01,66.2,3171900.0,70.92,70.92,68.38,69.14,1284400.0,73.0,73.56,71.36,71.56,1252800.0,71.85,74.24,71.85,73.22,1377800.0,72.36
2018-10-26,66.91,68.7,66.37,67.66,1205200.0,66.59,68.25,66.46,67.07,1231200.0,69.14,69.14,66.01,66.2,3171900.0,70.92,70.92,68.38,69.14,1284400.0,73.0,73.56,71.36,71.56,1252800.0,71.47
2018-10-29,68.41,68.53,66.44,66.9,3879700.0,66.91,68.7,66.37,67.66,1205200.0,66.59,68.25,66.46,67.07,1231200.0,69.14,69.14,66.01,66.2,3171900.0,70.92,70.92,68.38,69.14,1284400.0,74.7
2018-10-30,66.93,68.04,66.38,67.98,957600.0,68.41,68.53,66.44,66.9,3879700.0,66.91,68.7,66.37,67.66,1205200.0,66.59,68.25,66.46,67.07,1231200.0,69.14,69.14,66.01,66.2,3171900.0,75.22
2018-10-31,68.4,70.23,68.4,69.69,1499500.0,66.93,68.04,66.38,67.98,957600.0,68.41,68.53,66.44,66.9,3879700.0,66.91,68.7,66.37,67.66,1205200.0,66.59,68.25,66.46,67.07,1231200.0,74.52
2018-11-01,70.38,72.25,69.88,72.21,1767300.0,68.4,70.23,68.4,69.69,1499500.0,66.93,68.04,66.38,67.98,957600.0,68.41,68.53,66.44,66.9,3879700.0,66.91,68.7,66.37,67.66,1205200.0,74.08
2018-11-02,72.62,73.22,72.0,72.36,1775200.0,70.38,72.25,69.88,72.21,1767300.0,68.4,70.23,68.4,69.69,1499500.0,66.93,68.04,66.38,67.98,957600.0,68.41,68.53,66.44,66.9,3879700.0,72.96
2018-11-05,72.2,72.99,70.27,71.47,1631100.0,72.62,73.22,72.0,72.36,1775200.0,70.38,72.25,69.88,72.21,1767300.0,68.4,70.23,68.4,69.69,1499500.0,66.93,68.04,66.38,67.98,957600.0,72.27
2018-11-06,73.05,75.3,72.84,74.7,2134100.0,72.2,72.99,70.27,71.47,1631100.0,72.62,73.22,72.0,72.36,1775200.0,70.38,72.25,69.88,72.21,1767300.0,68.4,70.23,68.4,69.69,1499500.0,69.83
2018-11-07,75.25,75.78,74.33,75.22,1838900.0,73.05,75.3,72.84,74.7,2134100.0,72.2,72.99,70.27,71.47,1631100.0,72.62,73.22,72.0,72.36,1775200.0,70.38,72.25,69.88,72.21,1767300.0,70.45
2018-11-08,75.37,75.57,73.76,74.52,1165000.0,75.25,75.78,74.33,75.22,1838900.0,73.05,75.3,72.84,74.7,2134100.0,72.2,72.99,70.27,71.47,1631100.0,72.62,73.22,72.0,72.36,1775200.0,70.69
2018-11-09,73.86,74.81,73.56,74.08,1134400.0,75.37,75.57,73.76,74.52,1165000.0,75.25,75.78,74.33,75.22,1838900.0,73.05,75.3,72.84,74.7,2134100.0,72.2,72.99,70.27,71.47,1631100.0,68.89
2018-11-12,74.27,74.27,72.25,72.96,1029600.0,73.86,74.81,73.56,74.08,1134400.0,75.37,75.57,73.76,74.52,1165000.0,75.25,75.78,74.33,75.22,1838900.0,73.05,75.3,72.84,74.7,2134100.0,67.62
2018-11-13,72.9,73.85,71.93,72.27,1192000.0,74.27,74.27,72.25,72.96,1029600.0,73.86,74.81,73.56,74.08,1134400.0,75.37,75.57,73.76,74.52,1165000.0,75.25,75.78,74.33,75.22,1838900.0,67.72
2018-11-14,72.2,72.2,68.91,69.83,1601700.0,72.9,73.85,71.93,72.27,1192000.0,74.27,74.27,72.25,72.96,1029600.0,73.86,74.81,73.56,74.08,1134400.0,75.37,75.57,73.76,74.52,1165000.0,68.3
2018-11-15,69.44,71.08,68.88,70.45,1176100.0,72.2,72.2,68.91,69.83,1601700.0,72.9,73.85,71.93,72.27,1192000.0,74.27,74.27,72.25,72.96,1029600.0,73.86,74.81,73.56,74.08,1134400.0,67.79
2018-11-16,70.07,71.06,69.69,70.69,620700.0,69.44,71.08,68.88,70.45,1176100.0,72.2,72.2,68.91,69.83,1601700.0,72.9,73.85,71.93,72.27,1192000.0,74.27,74.27,72.25,72.96,1029600.0,68.34
2018-11-19,70.74,70.91,68.75,68.89,897200.0,70.07,71.06,69.69,70.69,620700.0,69.44,71.08,68.88,70.45,1176100.0,72.2,72.2,68.91,69.83,1601700.0,72.9,73.85,71.93,72.27,1192000.0,67.32
2018-11-20,68.2,68.24,66.51,67.62,1140000.0,70.74,70.91,68.75,68.89,897200.0,70.07,71.06,69.69,70.69,620700.0,69.44,71.08,68.88,70.45,1176100.0,72.2,72.2,68.91,69.83,1601700.0,67.66
2018-11-21,68.63,68.79,67.72,67.72,1203300.0,68.2,68.24,66.51,67.62,1140000.0,70.74,70.91,68.75,68.89,897200.0,70.07,71.06,69.69,70.69,620700.0,69.44,71.08,68.88,70.45,1176100.0,68.16
2018-11-22,68.4,68.76,67.47,68.3,390400.0,68.63,68.79,67.72,67.72,1203300.0,68.2,68.24,66.51,67.62,1140000.0,70.74,70.91,68.75,68.89,897200.0,70.07,71.06,69.69,70.69,620700.0,68.44
2018-11-23,68.2,68.45,66.69,67.79,571700.0,68.4,68.76,67.47,68.3,390400.0,68.63,68.79,67.72,67.72,1203300.0,68.2,68.24,66.51,67.62,1140000.0,70.74,70.91,68.75,68.89,897200.0,69.03
2018-11-26,67.52,68.43,67.2,68.34,951300.0,68.2,68.45,66.69,67.79,571700.0,68.4,68.76,67.47,68.3,390400.0,68.63,68.79,67.72,67.72,1203300.0,68.2,68.24,66.51,67.62,1140000.0,67.85
2018-11-27,67.83,68.21,67.06,67.32,804800.0,67.52,68.43,67.2,68.34,951300.0,68.2,68.45,66.69,67.79,571700.0,68.4,68.76,67.47,68.3,390400.0,68.63,68.79,67.72,67.72,1203300.0,70.01
2018-11-28,67.43,67.8,66.57,67.66,1402300.0,67.83,68.21,67.06,67.32,804800.0,67.52,68.43,67.2,68.34,951300.0,68.2,68.45,66.69,67.79,571700.0,68.4,68.76,67.47,68.3,390400.0,69.06
2018-11-29,67.73,68.99,67.59,68.16,1285200.0,67.43,67.8,66.57,67.66,1402300.0,67.83,68.21,67.06,67.32,804800.0,67.52,68.43,67.2,68.34,951300.0,68.2,68.45,66.69,67.79,571700.0,66.31
2018-11-30,68.32,68.77,67.57,68.44,3424300.0,67.73,68.99,67.59,68.16,1285200.0,67.43,67.8,66.57,67.66,1402300.0,67.83,68.21,67.06,67.32,804800.0,67.52,68.43,67.2,68.34,951300.0,65.49
2018-12-03,69.24,69.7,67.6,69.03,1281800.0,68.32,68.77,67.57,68.44,3424300.0,67.73,68.99,67.59,68.16,1285200.0,67.43,67.8,66.57,67.66,1402300.0,67.83,68.21,67.06,67.32,804800.0,63.98
2018-12-04,68.82,69.31,67.66,67.85,1377200.0,69.24,69.7,67.6,69.03,1281800.0,68.32,68.77,67.57,68.44,3424300.0,67.73,68.99,67.59,68.16,1285200.0,67.43,67.8,66.57,67.66,1402300.0,63.5
2018-12-05,68.17,70.52,68.16,70.01,587600.0,68.82,69.31,67.66,67.85,1377200.0,69.24,69.7,67.6,69.03,1281800.0,68.32,68.77,67.57,68.44,3424300.0,67.73,68.99,67.59,68.16,1285200.0,62.78
2018-12-06,68.81,69.2,67.28,69.06,1865900.0,68.17,70.52,68.16,70.01,587600.0,68.82,69.31,67.66,67.85,1377200.0,69.24,69.7,67.6,69.03,1281800.0,68.32,68.77,67.57,68.44,3424300.0,62.87
2018-12-07,69.28,70.2,65.87,66.31,1683200.0,68.81,69.2,67.28,69.06,1865900.0,68.17,70.52,68.16,70.01,587600.0,68.82,69.31,67.66,67.85,1377200.0,69.24,69.7,67.6,69.03,1281800.0,61.22
2018-12-10,66.26,66.6,64.5,65.49,1204500.0,69.28,70.2,65.87,66.31,1683200.0,68.81,69.2,67.28,69.06,1865900.0,68.17,70.52,68.16,70.01,587600.0,68.82,69.31,67.66,67.85,1377200.0,61.52
2018-12-11,66.52,67.25,63.97,63.98,3595900.0,66.26,66.6,64.5,65.49,1204500.0,69.28,70.2,65.87,66.31,1683200.0,68.81,69.2,67.28,69.06,1865900.0,68.17,70.52,68.16,70.01,587600.0,61.3
2018-12-12,64.92,65.26,63.44,63.5,2073200.0,66.52,67.25,63.97,63.98,3595900.0,66.26,66.6,64.5,65.49,1204500.0,69.28,70.2,65.87,66.31,1683200.0,68.81,69.2,67.28,69.06,1865900.0,60.74
2018-12-13,64.3,64.61,62.75,62.78,1365500.0,64.92,65.26,63.44,63.5,2073200.0,66.52,67.25,63.97,63.98,3595900.0,66.26,66.6,64.5,65.49,1204500.0,69.28,70.2,65.87,66.31,1683200.0,60.97
2018-12-14,62.34,63.51,62.31,62.87,1645400.0,64.3,64.61,62.75,62.78,1365500.0,64.92,65.26,63.44,63.5,2073200.0,66.52,67.25,63.97,63.98,3595900.0,66.26,66.6,64.5,65.49,1204500.0,59.97
2018-12-17,62.89,63.39,60.81,61.22,1332600.0,62.34,63.51,62.31,62.87,1645400.0,64.3,64.61,62.75,62.78,1365500.0,64.92,65.26,63.44,63.5,2073200.0,66.52,67.25,63.97,63.98,3595900.0,64.39
2018-12-18,61.53,62.65,61.31,61.52,1920500.0,62.89,63.39,60.81,61.22,1332600.0,62.34,63.51,62.31,62.87,1645400.0,64.3,64.61,62.75,62.78,1365500.0,64.92,65.26,63.44,63.5,2073200.0,63.12
2018-12-19,61.77,63.39,61.07,61.3,1876600.0,61.53,62.65,61.31,61.52,1920500.0,62.89,63.39,60.81,61.22,1332600.0,62.34,63.51,62.31,62.87,1645400.0,64.3,64.61,62.75,62.78,1365500.0,64.12
2018-12-20,61.45,62.4,60.05,60.74,2093000.0,61.77,63.39,61.07,61.3,1876600.0,61.53,62.65,61.31,61.52,1920500.0,62.89,63.39,60.81,61.22,1332600.0,62.34,63.51,62.31,62.87,1645400.0,62.78
2018-12-21,61.08,62.04,60.45,60.97,4931400.0,61.45,62.4,60.05,60.74,2093000.0,61.77,63.39,61.07,61.3,1876600.0,61.53,62.65,61.31,61.52,1920500.0,62.89,63.39,60.81,61.22,1332600.0,60.75
2018-12-24,60.45,61.58,59.97,59.97,768400.0,61.08,62.04,60.45,60.97,4931400.0,61.45,62.4,60.05,60.74,2093000.0,61.77,63.39,61.07,61.3,1876600.0,61.53,62.65,61.31,61.52,1920500.0,63.13
2018-12-27,61.9,64.5,61.63,64.39,1658900.0,60.45,61.58,59.97,59.97,768400.0,61.08,62.04,60.45,60.97,4931400.0,61.45,62.4,60.05,60.74,2093000.0,61.77,63.39,61.07,61.3,1876600.0,63.49
2018-12-28,64.15,64.38,62.77,63.12,1563500.0,61.9,64.5,61.63,64.39,1658900.0,60.45,61.58,59.97,59.97,768400.0,61.08,62.04,60.45,60.97,4931400.0,61.45,62.4,60.05,60.74,2093000.0,65.31
2018-12-31,63.3,64.35,63.3,64.12,1234900.0,64.15,64.38,62.77,63.12,1563500.0,61.9,64.5,61.63,64.39,1658900.0,60.45,61.58,59.97,59.97,768400.0,61.08,62.04,60.45,60.97,4931400.0,65.25
2019-01-02,63.14,63.84,62.47,62.78,1433300.0,63.3,64.35,63.3,64.12,1234900.0,64.15,64.38,62.77,63.12,1563500.0,61.9,64.5,61.63,64.39,1658900.0,60.45,61.58,59.97,59.97,768400.0,66.28
2019-01-03,62.25,62.3,60.52,60.75,1365900.0,63.14,63.84,62.47,62.78,1433300.0,63.3,64.35,63.3,64.12,1234900.0,64.15,64.38,62.77,63.12,1563500.0,61.9,64.5,61.63,64.39,1658900.0,66.16
2019-01-04,62.03,63.22,61.73,63.13,1193000.0,62.25,62.3,60.52,60.75,1365900.0,63.14,63.84,62.47,62.78,1433300.0,63.3,64.35,63.3,64.12,1234900.0,64.15,64.38,62.77,63.12,1563500.0,65.92
2019-01-07,63.37,63.91,62.54,63.49,1307200.0,62.03,63.22,61.73,63.13,1193000.0,62.25,62.3,60.52,60.75,1365900.0,63.14,63.84,62.47,62.78,1433300.0,63.3,64.35,63.3,64.12,1234900.0,65.91
2019-01-08,64.99,65.73,64.53,65.31,1561200.0,63.37,63.91,62.54,63.49,1307200.0,62.03,63.22,61.73,63.13,1193000.0,62.25,62.3,60.52,60.75,1365900.0,63.14,63.84,62.47,62.78,1433300.0,65.78
2019-01-09,65.75,65.8,64.59,65.25,1878100.0,64.99,65.73,64.53,65.31,1561200.0,63.37,63.91,62.54,63.49,1307200.0,62.03,63.22,61.73,63.13,1193000.0,62.25,62.3,60.52,60.75,1365900.0,67.69
2019-01-10,65.08,66.29,64.33,66.28,2273600.0,65.75,65.8,64.59,65.25,1878100.0,64.99,65.73,64.53,65.31,1561200.0,63.37,63.91,62.54,63.49,1307200.0,62.03,63.22,61.73,63.13,1193000.0,68.09
2019-01-11,65.91,66.48,65.43,66.16,820200.0,65.08,66.29,64.33,66.28,2273600.0,65.75,65.8,64.59,65.25,1878100.0,64.99,65.73,64.53,65.31,1561200.0,63.37,63.91,62.54,63.49,1307200.0,69.29
2019-01-14,65.51,66.49,65.31,65.92,1322100.0,65.91,66.48,65.43,66.16,820200.0,65.08,66.29,64.33,66.28,2273600.0,65.75,65.8,64.59,65.25,1878100.0,64.99,65.73,64.53,65.31,1561200.0,67.93
2019-01-15,66.4,66.48,65.31,65.91,787200.0,65.51,66.49,65.31,65.92,1322100.0,65.91,66.48,65.43,66.16,820200.0,65.08,66.29,64.33,66.28,2273600.0,65.75,65.8,64.59,65.25,1878100.0,67.59
2019-01-16,65.75,66.16,64.9,65.78,1217600.0,66.4,66.48,65.31,65.91,787200.0,65.51,66.49,65.31,65.92,1322100.0,65.91,66.48,65.43,66.16,820200.0,65.08,66.29,64.33,66.28,2273600.0,68.05
2019-01-17,65.58,67.73,65.55,67.69,969100.0,65.75,66.16,64.9,65.78,1217600.0,66.4,66.48,65.31,65.91,787200.0,65.51,66.49,65.31,65.92,1322100.0,65.91,66.48,65.43,66.16,820200.0,68.37
2019-01-18,68.04,68.57,67.14,68.09,1780900.0,65.58,67.73,65.55,67.69,969100.0,65.75,66.16,64.9,65.78,1217600.0,66.4,66.48,65.31,65.91,787200.0,65.51,66.49,65.31,65.92,1322100.0,68.35
2019-01-21,68.0,69.29,67.97,69.29,680200.0,68.04,68.57,67.14,68.09,1780900.0,65.58,67.73,65.55,67.69,969100.0,65.75,66.16,64.9,65.78,1217600.0,66.4,66.48,65.31,65.91,787200.0,68.47
2019-01-22,68.7,68.7,67.21,67.93,1371700.0,68.0,69.29,67.97,69.29,680200.0,68.04,68.57,67.14,68.09,1780900.0,65.58,67.73,65.55,67.69,969100.0,65.75,66.16,64.9,65.78,1217600.0,68.4
2019-01-23,68.18,68.29,67.14,67.59,999300.0,68.7,68.7,67.21,67.93,1371700.0,68.0,69.29,67.97,69.29,680200.0,68.04,68.57,67.14,68.09,1780900.0,65.58,67.73,65.55,67.69,969100.0,68.07
2019-01-24,67.6,68.58,67.47,68.05,1327800.0,68.18,68.29,67.14,67.59,999300.0,68.7,68.7,67.21,67.93,1371700.0,68.0,69.29,67.97,69.29,680200.0,68.04,68.57,67.14,68.09,1780900.0,68.3
2019-01-25,68.45,68.79,67.81,68.37,912500.0,67.6,68.58,67.47,68.05,1327800.0,68.18,68.29,67.14,67.59,999300.0,68.7,68.7,67.21,67.93,1371700.0,68.0,69.29,67.97,69.29,680200.0,68.25
2019-01-28,67.91,68.78,67.05,68.35,963400.0,68.45,68.79,67.81,68.37,912500.0,67.6,68.58,67.47,68.05,1327800.0,68.18,68.29,67.14,67.59,999300.0,68.7,68.7,67.21,67.93,1371700.0,68.28
2019-01-29,68.5,68.88,68.01,68.47,1098500.0,67.91,68.78,67.05,68.35,963400.0,68.45,68.79,67.81,68.37,912500.0,67.6,68.58,67.47,68.05,1327800.0,68.18,68.29,67.14,67.59,999300.0,68.44
2019-01-30,68.54,69.05,68.1,68.4,965200.0,68.5,68.88,68.01,68.47,1098500.0,67.91,68.78,67.05,68.35,963400.0,68.45,68.79,67.81,68.37,912500.0,67.6,68.58,67.47,68.05,1327800.0,69.51
2019-01-31,68.32,68.94,67.59,68.07,1385400.0,68.54,69.05,68.1,68.4,965200.0,68.5,68.88,68.01,68.47,1098500.0,67.91,68.78,67.05,68.35,963400.0,68.45,68.79,67.81,68.37,912500.0,69.84
2019-02-01,68.27,68.71,67.83,68.3,795200.0,68.32,68.94,67.59,68.07,1385400.0,68.54,69.05,68.1,68.4,965200.0,68.5,68.88,68.01,68.47,1098500.0,67.91,68.78,67.05,68.35,963400.0,69.33
2019-02-04,68.49,68.78,68.17,68.25,795300.0,68.27,68.71,67.83,68.3,795200.0,68.32,68.94,67.59,68.07,1385400.0,68.54,69.05,68.1,68.4,965200.0,68.5,68.88,68.01,68.47,1098500.0,71.34
2019-02-05,68.52,68.71,67.54,68.28,1097400.0,68.49,68.78,68.17,68.25,795300.0,68.27,68.71,67.83,68.3,795200.0,68.32,68.94,67.59,68.07,1385400.0,68.54,69.05,68.1,68.4,965200.0,71.67
2019-02-06,67.98,69.19,67.98,68.44,906800.0,68.52,68.71,67.54,68.28,1097400.0,68.49,68.78,68.17,68.25,795300.0,68.27,68.71,67.83,68.3,795200.0,68.32,68.94,67.59,68.07,1385400.0,71.5
2019-02-07,68.19,69.99,66.64,69.51,1537700.0,67.98,69.19,67.98,68.44,906800.0,68.52,68.71,67.54,68.28,1097400.0,68.49,68.78,68.17,68.25,795300.0,68.27,68.71,67.83,68.3,795200.0,70.76
2019-02-08,69.19,69.87,68.17,69.84,953100.0,68.19,69.99,66.64,69.51,1537700.0,67.98,69.19,67.98,68.44,906800.0,68.52,68.71,67.54,68.28,1097400.0,68.49,68.78,68.17,68.25,795300.0,70.49
2019-02-11,69.89,70.13,69.03,69.33,843200.0,69.19,69.87,68.17,69.84,953100.0,68.19,69.99,66.64,69.51,1537700.0,67.98,69.19,67.98,68.44,906800.0,68.52,68.71,67.54,68.28,1097400.0,71.72
2019-02-12,69.86,71.77,69.82,71.34,1367400.0,69.89,70.13,69.03,69.33,843200.0,69.19,69.87,68.17,69.84,953100.0,68.19,69.99,66.64,69.51,1537700.0,67.98,69.19,67.98,68.44,906800.0,71.6
2019-02-13,71.87,71.99,71.04,71.67,888200.0,69.86,71.77,69.82,71.34,1367400.0,69.89,70.13,69.03,69.33,843200.0,69.19,69.87,68.17,69.84,953100.0,68.19,69.99,66.64,69.51,1537700.0,71.31
2019-02-14,71.54,72.42,71.36,71.5,918300.0,71.87,71.99,71.04,71.67,888200.0,69.86,71.77,69.82,71.34,1367400.0,69.89,70.13,69.03,69.33,843200.0,69.19,69.87,68.17,69.84,953100.0,72.37
2019-02-15,71.65,71.68,70.68,70.76,913300.0,71.54,72.42,71.36,71.5,918300.0,71.87,71.99,71.04,71.67,888200.0,69.86,71.77,69.82,71.34,1367400.0,69.89,70.13,69.03,69.33,843200.0,72.42
2019-02-19,70.7,70.7,69.61,70.49,973500.0,71.65,71.68,70.68,70.76,913300.0,71.54,72.42,71.36,71.5,918300.0,71.87,71.99,71.04,71.67,888200.0,69.86,71.77,69.82,71.34,1367400.0,73.06
2019-02-20,70.49,72.32,70.42,71.72,2180500.0,70.7,70.7,69.61,70.49,973500.0,71.65,71.68,70.68,70.76,913300.0,71.54,72.42,71.36,71.5,918300.0,71.87,71.99,71.04,71.67,888200.0,71.63
2019-02-21,71.79,72.05,71.18,71.6,1500300.0,70.49,72.32,70.42,71.72,2180500.0,70.7,70.7,69.61,70.49,973500.0,71.65,71.68,70.68,70.76,913300.0,71.54,72.42,71.36,71.5,918300.0,72.7
2019-02-22,71.9,72.43,71.08,71.31,1262800.0,71.79,72.05,71.18,71.6,1500300.0,70.49,72.32,70.42,71.72,2180500.0,70.7,70.7,69.61,70.49,973500.0,71.65,71.68,70.68,70.76,913300.0,73.43
2019-02-25,71.77,72.55,71.73,72.37,752300.0,71.9,72.43,71.08,71.31,1262800.0,71.79,72.05,71.18,71.6,1500300.0,70.49,72.32,70.42,71.72,2180500.0,70.7,70.7,69.61,70.49,973500.0,72.55
2019-02-26,72.72,73.51,72.2,72.42,1028000.0,71.77,72.55,71.73,72.37,752300.0,71.9,72.43,71.08,71.31,1262800.0,71.79,72.05,71.18,71.6,1500300.0,70.49,72.32,70.42,71.72,2180500.0,72.68
2019-02-27,72.4,73.63,72.15,73.06,887100.0,72.72,73.51,72.2,72.42,1028000.0,71.77,72.55,71.73,72.37,752300.0,71.9,72.43,71.08,71.31,1262800.0,71.79,72.05,71.18,71.6,1500300.0,70.74
2019-02-28,72.51,73.07,71.31,71.63,1136600.0,72.4,73.63,72.15,73.06,887100.0,72.72,73.51,72.2,72.42,1028000.0,71.77,72.55,71.73,72.37,752300.0,71.9,72.43,71.08,71.31,1262800.0,70.8
2019-03-01,72.37,72.78,71.72,72.7,878300.0,72.51,73.07,71.31,71.63,1136600.0,72.4,73.63,72.15,73.06,887100.0,72.72,73.51,72.2,72.42,1028000.0,71.77,72.55,71.73,72.37,752300.0,71.53
2019-03-04,72.77,73.47,72.33,73.43,2272400.0,72.37,72.78,71.72,72.7,878300.0,72.51,73.07,71.31,71.63,1136600.0,72.4,73.63,72.15,73.06,887100.0,72.72,73.51,72.2,72.42,1028000.0,71.83
2019-03-05,73.44,73.64,72.4,72.55,889600.0,72.77,73.47,72.33,73.43,2272400.0,72.37,72.78,71.72,72.7,878300.0,72.51,73.07,71.31,71.63,1136600.0,72.4,73.63,72.15,73.06,887100.0,71.68
2019-03-06,72.55,73.19,72.23,72.68,950600.0,73.44,73.64,72.4,72.55,889600.0,72.77,73.47,72.33,73.43,2272400.0,72.37,72.78,71.72,72.7,878300.0,72.51,73.07,71.31,71.63,1136600.0,71.55
2019-03-07,72.57,72.57,70.38,70.74,1565900.0,72.55,73.19,72.23,72.68,950600.0,73.44,73.64,72.4,72.55,889600.0,72.77,73.47,72.33,73.43,2272400.0,72.37,72.78,71.72,72.7,878300.0,71.33
2019-03-08,70.41,71.11,69.96,70.8,1317800.0,72.57,72.57,70.38,70.74,1565900.0,72.55,73.19,72.23,72.68,950600.0,73.44,73.64,72.4,72.55,889600.0,72.77,73.47,72.33,73.43,2272400.0,71.75
2019-03-11,70.81,71.76,70.81,71.53,2101000.0,70.41,71.11,69.96,70.8,1317800.0,72.57,72.57,70.38,70.74,1565900.0,72.55,73.19,72.23,72.68,950600.0,73.44,73.64,72.4,72.55,889600.0,71.45
2019-03-12,72.0,72.34,71.45,71.83,1999500.0,70.81,71.76,70.81,71.53,2101000.0,70.41,71.11,69.96,70.8,1317800.0,72.57,72.57,70.38,70.74,1565900.0,72.55,73.19,72.23,72.68,950600.0,71.06
2019-03-13,72.1,72.61,71.48,71.68,1650300.0,72.0,72.34,71.45,71.83,1999500.0,70.81,71.76,70.81,71.53,2101000.0,70.41,71.11,69.96,70.8,1317800.0,72.57,72.57,70.38,70.74,1565900.0,71.04
2019-03-14,71.66,72.22,71.2,71.55,659300.0,72.1,72.61,71.48,71.68,1650300.0,72.0,72.34,71.45,71.83,1999500.0,70.81,71.76,70.81,71.53,2101000.0,70.41,71.11,69.96,70.8,1317800.0,67.73
2019-03-15,72.47,72.75,71.06,71.33,4605100.0,71.66,72.22,71.2,71.55,659300.0,72.1,72.61,71.48,71.68,1650300.0,72.0,72.34,71.45,71.83,1999500.0,70.81,71.76,70.81,71.53,2101000.0,67.73
2019-03-18,71.57,71.82,71.11,71.75,658600.0,72.47,72.75,71.06,71.33,4605100.0,71.66,72.22,71.2,71.55,659300.0,72.1,72.61,71.48,71.68,1650300.0,72.0,72.34,71.45,71.83,1999500.0,68.34
2019-03-19,71.91,71.91,71.28,71.45,911800.0,71.57,71.82,71.11,71.75,658600.0,72.47,72.75,71.06,71.33,4605100.0,71.66,72.22,71.2,71.55,659300.0,72.1,72.61,71.48,71.68,1650300.0,69.47
2019-03-20,71.5,71.75,70.57,71.06,909600.0,71.91,71.91,71.28,71.45,911800.0,71.57,71.82,71.11,71.75,658600.0,72.47,72.75,71.06,71.33,4605100.0,71.66,72.22,71.2,71.55,659300.0,70.11
2019-03-21,70.73,71.55,70.48,71.04,2833800.0,71.5,71.75,70.57,71.06,909600.0,71.91,71.91,71.28,71.45,911800.0,71.57,71.82,71.11,71.75,658600.0,72.47,72.75,71.06,71.33,4605100.0,70.48
2019-03-22,70.89,70.89,67.7,67.73,4194000.0,70.73,71.55,70.48,71.04,2833800.0,71.5,71.75,70.57,71.06,909600.0,71.91,71.91,71.28,71.45,911800.0,71.57,71.82,71.11,71.75,658600.0,71.09
2019-03-25,67.81,68.56,67.33,67.73,2404500.0,70.89,70.89,67.7,67.73,4194000.0,70.73,71.55,70.48,71.04,2833800.0,71.5,71.75,70.57,71.06,909600.0,71.91,71.91,71.28,71.45,911800.0,71.26
2019-03-26,68.6,68.74,67.89,68.34,2228800.0,67.81,68.56,67.33,67.73,2404500.0,70.89,70.89,67.7,67.73,4194000.0,70.73,71.55,70.48,71.04,2833800.0,71.5,71.75,70.57,71.06,909600.0,72.04
2019-03-27,68.28,69.67,68.28,69.47,2261000.0,68.6,68.74,67.89,68.34,2228800.0,67.81,68.56,67.33,67.73,2404500.0,70.89,70.89,67.7,67.73,4194000.0,70.73,71.55,70.48,71.04,2833800.0,72.73
2019-03-28,69.15,70.44,69.15,70.11,1197900.0,68.28,69.67,68.28,69.47,2261000.0,68.6,68.74,67.89,68.34,2228800.0,67.81,68.56,67.33,67.73,2404500.0,70.89,70.89,67.7,67.73,4194000.0,72.52
2019-03-29,70.42,70.8,69.73,70.48,1193900.0,69.15,70.44,69.15,70.11,1197900.0,68.28,69.67,68.28,69.47,2261000.0,68.6,68.74,67.89,68.34,2228800.0,67.81,68.56,67.33,67.73,2404500.0,72.03
2019-04-01,70.97,71.25,70.39,71.09,1761900.0,70.42,70.8,69.73,70.48,1193900.0,69.15,70.44,69.15,70.11,1197900.0,68.28,69.67,68.28,69.47,2261000.0,68.6,68.74,67.89,68.34,2228800.0,71.02
2019-04-02,71.29,71.48,70.95,71.26,635200.0,70.97,71.25,70.39,71.09,1761900.0,70.42,70.8,69.73,70.48,1193900.0,69.15,70.44,69.15,70.11,1197900.0,68.28,69.67,68.28,69.47,2261000.0,70.65
2019-04-03,71.46,72.67,71.42,72.04,1107600.0,71.29,71.48,70.95,71.26,635200.0,70.97,71.25,70.39,71.09,1761900.0,70.42,70.8,69.73,70.48,1193900.0,69.15,70.44,69.15,70.11,1197900.0,69.78
2019-04-04,72.03,72.89,71.94,72.73,842400.0,71.46,72.67,71.42,72.04,1107600.0,71.29,71.48,70.95,71.26,635200.0,70.97,71.25,70.39,71.09,1761900.0,70.42,70.8,69.73,70.48,1193900.0,69.5
2019-04-05,72.8,73.32,72.19,72.52,906600.0,72.03,72.89,71.94,72.73,842400.0,71.46,72.67,71.42,72.04,1107600.0,71.29,71.48,70.95,71.26,635200.0,70.97,71.25,70.39,71.09,1761900.0,70.9
2019-04-08,72.35,72.38,71.65,72.03,671600.0,72.8,73.32,72.19,72.52,906600.0,72.03,72.89,71.94,72.73,842400.0,71.46,72.67,71.42,72.04,1107600.0,71.29,71.48,70.95,71.26,635200.0,71.18
2019-04-09,71.82,71.84,70.57,71.02,826500.0,72.35,72.38,71.65,72.03,671600.0,72.8,73.32,72.19,72.52,906600.0,72.03,72.89,71.94,72.73,842400.0,71.46,72.67,71.42,72.04,1107600.0,71.93
2019-04-10,71.33,71.61,70.62,70.65,910100.0,71.82,71.84,70.57,71.02,826500.0,72.35,72.38,71.65,72.03,671600.0,72.8,73.32,72.19,72.52,906600.0,72.03,72.89,71.94,72.73,842400.0,72.36
2019-04-11,70.7,70.8,69.63,69.78,2230200.0,71.33,71.61,70.62,70.65,910100.0,71.82,71.84,70.57,71.02,826500.0,72.35,72.38,71.65,72.03,671600.0,72.8,73.32,72.19,72.52,906600.0,71.85
2019-04-12,70.2,70.43,68.74,69.5,1283100.0,70.7,70.8,69.63,69.78,2230200.0,71.33,71.61,70.62,70.65,910100.0,71.82,71.84,70.57,71.02,826500.0,72.35,72.38,71.65,72.03,671600.0,72.6
2019-04-15,69.41,71.22,69.41,70.9,980900.0,70.2,70.43,68.74,69.5,1283100.0,70.7,70.8,69.63,69.78,2230200.0,71.33,71.61,70.62,70.65,910100.0,71.82,71.84,70.57,71.02,826500.0,71.44
2019-04-16,70.95,71.52,70.9,71.18,866600.0,69.41,71.22,69.41,70.9,980900.0,70.2,70.43,68.74,69.5,1283100.0,70.7,70.8,69.63,69.78,2230200.0,71.33,71.61,70.62,70.65,910100.0,71.64
2019-04-17,71.26,71.98,71.02,71.93,939000.0,70.95,71.52,70.9,71.18,866600.0,69.41,71.22,69.41,70.9,980900.0,70.2,70.43,68.74,69.5,1283100.0,70.7,70.8,69.63,69.78,2230200.0,72.47
